rank,daily,title,date,thumbnail
1,85384,バグ / 25時、ナイトコードで。 × 鏡音レン,2022-06-15,https://i.ytimg.com/vi/2Ii7UBMxWVw/default.jpg
2,78341,ヴァンパイア / MORE MORE JUMP！ × 初音ミク,2022-09-06,https://i.ytimg.com/vi/zhBS-b3roHw/default.jpg
3,72574,どんな結末がお望みだい？ / ワンダーランズ×ショウタイム × 初音ミク,2022-10-04,https://i.ytimg.com/vi/1W-7h8LO-Hg/default.jpg
4,60122,2周年アニバーサリーソング『Journey』,2022-09-29,https://i.ytimg.com/vi/m__WcDdaF7k/default.jpg
5,47559,トンデモワンダーズ / ワンダーランズ×ショウタイム × KAITO,2022-10-26,https://i.ytimg.com/vi/ZfVWqos23xs/default.jpg
6,35244,ロウワー / 25時、ナイトコードで。 × MEIKO,2021-11-16,https://i.ytimg.com/vi/16M9oC-a5bY/default.jpg
7,34783,Flyer! / Vivid BAD SQUAD × 鏡音レン,2022-10-05,https://i.ytimg.com/vi/gr4FAlsibeg/default.jpg
8,32560,1周年アニバーサリーソング『群青讃歌』,2022-09-29,https://i.ytimg.com/vi/MxT59XJXMnU/default.jpg
9,31080,『エゴロック』3DMVゲームサイズ公開！,2022-10-06,https://i.ytimg.com/vi/l89n9HsU9Rc/default.jpg
10,30862,虚ろを扇ぐ / Vivid BAD SQUAD × KAITO,2022-09-06,https://i.ytimg.com/vi/MnZfL-cwUCA/default.jpg
11,25933,『Journey』3DMVゲームサイズ公開！,2022-09-29,https://i.ytimg.com/vi/jYh9Y7K2iuI/default.jpg
12,25785,アイデンティティ / 宵崎 奏 × 初音ミク,2022-04-15,https://i.ytimg.com/vi/YsSShYaKOvk/default.jpg
13,25273,てらてら / Leo/need × 初音ミク,2022-07-21,https://i.ytimg.com/vi/diDsFjpV8yw/default.jpg
14,24691,シネマ / Vivid BAD SQUAD × KAITO,2021-08-17,https://i.ytimg.com/vi/8m1cUgLepmY/default.jpg
15,24686,イフ / MORE MORE JUMP！ × 初音ミク,2022-09-30,https://i.ytimg.com/vi/egAHniCboNQ/default.jpg
16,20715,月光 / Vivid BAD SQUAD × MEIKO,2022-05-20,https://i.ytimg.com/vi/E5Wu8Ir6kdQ/default.jpg
17,19596,アイディスマイル / 25時、ナイトコードで。 × MEIKO,2022-10-04,https://i.ytimg.com/vi/JTOM6fuXptg/default.jpg
18,19591,Beat Eater / Vivid BAD SQUAD × 鏡音レン,2021-07-20,https://i.ytimg.com/vi/DaWbq6KeJq4/default.jpg
19,19450,88☆彡 / ワンダーランズ×ショウタイム × KAITO,2022-04-11,https://i.ytimg.com/vi/giOsLry_orw/default.jpg
20,19343,ジャックポットサッドガール / 25時、ナイトコードで。 × 初音ミク,2021-08-03,https://i.ytimg.com/vi/J9kD9rYR088/default.jpg
21,19049,『にっこり^^調査隊のテーマ』3DMVゲームサイズ公開！,2022-01-19,https://i.ytimg.com/vi/v7SYWS2jarw/default.jpg
22,17296,STAGE OF SEKAI / Leo/need × 鏡音レン,2022-09-28,https://i.ytimg.com/vi/Sloi-L5FHBY/default.jpg
23,16944,Glory Steady Go! / ワンダーランズ×ショウタイム × 巡音ルカ,2021-09-09,https://i.ytimg.com/vi/JoM4JGqQyCU/default.jpg
24,16232,『DAYBREAK FRONTLINE』3DMVゲームサイズ公開！,2022-10-10,https://i.ytimg.com/vi/gZW_e-kICJU/default.jpg
25,14997,パラソルサイダー / MORE MORE JUMP！ × 巡音ルカ,2022-08-10,https://i.ytimg.com/vi/KJI_3HaLtmc/default.jpg
26,14403,Awake Now / Vivid BAD SQUAD × 初音ミク,2022-05-30,https://i.ytimg.com/vi/BUyrhLRzAwU/default.jpg
27,14393,少女レイ / MORE MORE JUMP！ × 初音ミク,2022-07-17,https://i.ytimg.com/vi/3VT85q-E-UU/default.jpg
28,12810,トリコロージュ/25時、ナイトコードで。 × 初音ミク,2022-01-31,https://i.ytimg.com/vi/M_ijFuoASt0/default.jpg
29,12676,いーあるふぁんくらぶ / ワンダーランズ×ショウタイム × 鏡音リン,2022-09-21,https://i.ytimg.com/vi/gocFWi_8dfI/default.jpg
30,12554,『DREAM PLACE』3DMVゲームサイズ公開！,2022-10-19,https://i.ytimg.com/vi/N-6bJ-qOuQA/default.jpg
31,11680,悪魔の踊り方 / Vivid BAD SQUAD × 鏡音リン,2022-08-27,https://i.ytimg.com/vi/mMUFtpnPFKs/default.jpg
32,11553,徳川カップヌードル禁止令 / 草薙寧々 & ネネロボ × ミクダヨー & 鏡音レン & KAITO,2022-03-16,https://i.ytimg.com/vi/jPXAgWkqbo4/default.jpg
33,11232,KING / 天馬 司、神代 類（ワンダーランズ×ショウタイム）,2022-01-26,https://i.ytimg.com/vi/B45Q1AbiBWg/default.jpg
34,11192,チュルリラ・チュルリラ・ダッダッダ！/ワンダーランズ×ショウタイム,2022-01-26,https://i.ytimg.com/vi/ZiZkXbivmh4/default.jpg
35,10782,RAD DOGS / Vivid BAD SQUAD × 初音ミク,2021-02-07,https://i.ytimg.com/vi/ZMbWDpC1N7s/default.jpg
36,10011,『ショウタイム・ルーラー』3DMVゲームサイズ公開！,2021-10-29,https://i.ytimg.com/vi/bKKxLK_1ae8/default.jpg
37,9869,ワールドワイドワンダー / MORE MORE JUMP！ × KAITO,2021-12-22,https://i.ytimg.com/vi/aO_ZCaoojh4/default.jpg
38,9200,フラジール / Vivid BAD SQUAD,2020-12-03,https://i.ytimg.com/vi/9kZ6MPqj9Tg/default.jpg
39,9162,ドクター＝ファンクビート / Vivid BAD SQUAD × KAITO,2022-07-07,https://i.ytimg.com/vi/t1XM0ECUqTE/default.jpg
40,8259,カナデトモスソラ / 25時、ナイトコードで。 × 巡音ルカ,2021-06-28,https://i.ytimg.com/vi/GTlQhMRHXIg/default.jpg
41,8062,サラマンダー / 東雲彰人 & 東雲絵名 × 初音ミク,2022-04-15,https://i.ytimg.com/vi/babaG-xuBQM/default.jpg
42,6672,ECHO / Vivid BAD SQUAD × 巡音ルカ,2021-05-05,https://i.ytimg.com/vi/4z9Mg8sbFeU/default.jpg
43,6517,『トンデモワンダーズ』3DMVゲームサイズ公開！,2021-06-21,https://i.ytimg.com/vi/vI5xihka9hw/default.jpg
44,6169,モア！ジャンプ！モア！ / MORE MORE JUMP！ × 初音ミク,2021-06-28,https://i.ytimg.com/vi/SKbutknpQ_I/default.jpg
45,5929,地球最後の告白を / MORE MORE JUMP！ × 巡音ルカ,2021-07-20,https://i.ytimg.com/vi/jSwRwYVjRg8/default.jpg
46,5743,ミライ / Vivid BAD SQUAD × 巡音ルカ,2021-12-22,https://i.ytimg.com/vi/X_u5UtcgrKw/default.jpg
47,5635,Peaky Peaky/Leo/need × KAITO,2022-02-26,https://i.ytimg.com/vi/IPIwkhKdQxM/default.jpg
48,5590,命に嫌われている。 / アナザーver. by 宵崎奏（25時、ナイトコードで。）,2020-09-29,https://i.ytimg.com/vi/wNxrGUf6G0A/default.jpg
49,5510,トラフィック・ジャム / Vivid BAD SQUAD × 鏡音リン,2022-01-17,https://i.ytimg.com/vi/UyDytd1EZSk/default.jpg
50,5505,ステラ / Leo/need × 初音ミク,2020-11-16,https://i.ytimg.com/vi/AL6hWKN0WQo/default.jpg
51,5267,流星のパルス / Leo/need × MEIKO,2021-09-19,https://i.ytimg.com/vi/hZgbqUQI64E/default.jpg
52,5158,携帯恋話 / 25時、ナイトコードで。 × 初音ミク,2020-10-15,https://i.ytimg.com/vi/kNLyqES4fC8/default.jpg
53,5084,威風堂々 / Vivid BAD SQUAD × KAITO,2022-04-25,https://i.ytimg.com/vi/I36IQ3cEPAo/default.jpg
54,5055,心予報 / MORE MORE JUMP！ × 初音ミク,2022-04-06,https://i.ytimg.com/vi/t5c8D1xbXtw/default.jpg
55,4958,ヒバナ -Reloaded- / Leo/need × 初音ミク,2021-03-19,https://i.ytimg.com/vi/i16qWEUjd4o/default.jpg
56,4908,ワンスアポンアドリーム / ワンダーランズ×ショウタイム × 鏡音レン,2021-04-21,https://i.ytimg.com/vi/1RoDmN9n8xE/default.jpg
57,4805,『ヴィラン』3DMVゲームサイズ公開！,2021-12-31,https://i.ytimg.com/vi/gQD4GfgIqZA/default.jpg
58,4696,『君の夜をくれ』3DMVゲームサイズ公開！,2022-08-29,https://i.ytimg.com/vi/WnteC9NvDKQ/default.jpg
59,4687,『potatoになっていく』3DMVゲームサイズ公開！,2021-02-08,https://i.ytimg.com/vi/h_h1uJcLsAE/default.jpg
60,4667,『Flyer!』3DMVゲームサイズ公開！,2022-02-16,https://i.ytimg.com/vi/5fQRNjyRuSY/default.jpg
61,4605,『街』3DMVゲームサイズ公開！,2022-07-19,https://i.ytimg.com/vi/YF3cVIzd0oc/default.jpg
62,4381,コスモスパイス / 天馬咲希 & 天馬司 × 初音ミク,2022-04-15,https://i.ytimg.com/vi/0qb27SBWZ38/default.jpg
63,4373,『ビターチョコデコレーション 』3DMVゲームサイズ公開！,2021-08-05,https://i.ytimg.com/vi/vnTW9sS-9P4/default.jpg
64,4329,『いーあるふぁんくらぶ』3DMVゲームサイズ公開！,2022-03-16,https://i.ytimg.com/vi/v_VDb-gxF5Y/default.jpg
65,4319,ray / Leo/need × 初音ミク,2021-10-12,https://i.ytimg.com/vi/YkP0JMByjRM/default.jpg
66,4265,自傷無色 / 25時、ナイトコードで。 × 初音ミク,2021-06-18,https://i.ytimg.com/vi/n7ZmBBf5-7g/default.jpg
67,4255,ぼうけんのしょがきえました！[Long ver.] / ワンダーランズ×ショウタイム × 鏡音リン × 鏡音レン,2022-06-23,https://i.ytimg.com/vi/_oe2F3tgKIk/default.jpg
68,4151,メタモリボン / MORE MORE JUMP！ × 鏡音リン,2022-03-29,https://i.ytimg.com/vi/0BHY0Gs0ZZM/default.jpg
69,4110,ナンセンス文学 / ワンダーランズ×ショウタイム × 鏡音レン,2022-03-04,https://i.ytimg.com/vi/aFx6y9HxDt0/default.jpg
70,4088,『アイディスマイル』3DMVゲームサイズ公開！,2021-04-19,https://i.ytimg.com/vi/QdYji4SVH3A/default.jpg
71,4084,僕らまだアンダーグラウンド / Leo/need × 初音ミク,2022-03-04,https://i.ytimg.com/vi/eb46opRRyLc/default.jpg
72,4077,心拍数♯0822 / Leo/need × 初音ミク,2022-06-08,https://i.ytimg.com/vi/g6hGN-WNig0/default.jpg
73,4010,『限りなく灰色へ』3DMVゲームサイズ公開！,2021-04-12,https://i.ytimg.com/vi/qtJ6U4c0_fQ/default.jpg
74,3862,『PaⅢ.SENSATION』3DMVゲームサイズ公開！,2022-04-18,https://i.ytimg.com/vi/VgRSxoqClkw/default.jpg
75,3824,乙女解剖 / 25時、ナイトコードで。 × 初音ミク,2022-01-14,https://i.ytimg.com/vi/JluOv0KD9Wc/default.jpg
76,3785,ポジティブ☆ダンスタイム / ワンダーランズ×ショウタイム × 鏡音リン,2021-07-20,https://i.ytimg.com/vi/BdTf_uKTqos/default.jpg
77,3725,『神のまにまに』3DMVゲームサイズ公開！,2022-06-03,https://i.ytimg.com/vi/cb1s5_U0wd0/default.jpg
78,3716,六兆年と一夜物語 / Leo/need × 初音ミク,2021-07-11,https://i.ytimg.com/vi/uDgikBUvIlQ/default.jpg
79,3570,『威風堂々』3DMVゲームサイズ公開！,2021-03-15,https://i.ytimg.com/vi/KvnS-TCq05Y/default.jpg
80,3567,ボッカデラベリタ / 朝比奈まふゆ、暁山瑞希（25時、ナイトコードで。）,2021-05-27,https://i.ytimg.com/vi/ZjNUJUgyoOw/default.jpg
81,3480,『お気に召すまま』3DMVゲームサイズ公開！,2021-04-05,https://i.ytimg.com/vi/M_9lPZyS-eQ/default.jpg
82,3447,『星空のメロディー』3DMVゲームサイズ公開！,2022-06-28,https://i.ytimg.com/vi/22x2JzhqKnI/default.jpg
83,3213,ミラクルペイント / ワンダーランズ×ショウタイム × 初音ミク,2020-11-02,https://i.ytimg.com/vi/kU4Rth300FM/default.jpg
84,3080,ミルククラウン・オン・ソーネチカ / MORE MORE JUMP！ × 初音ミク,2022-05-23,https://i.ytimg.com/vi/xBVIHNosBTg/default.jpg
85,3080,『ヴァンパイア』3DMVゲームサイズ公開！,2022-06-20,https://i.ytimg.com/vi/8q-iWdjIbB0/default.jpg
86,2868,『愛して愛して愛して』3DMVゲームサイズ公開！,2022-02-14,https://i.ytimg.com/vi/DsFlCC96EgU/default.jpg
87,2818,フレー / Leo/need × 初音ミク,2022-08-29,https://i.ytimg.com/vi/jfO8TPREjco/default.jpg
88,2780,『シネマ』3DMVゲームサイズ公開！,2021-05-08,https://i.ytimg.com/vi/mfYruS61p48/default.jpg
89,2712,霽れを待つ / Leo/need × 初音ミク,2021-01-10,https://i.ytimg.com/vi/70ZLvDTonqI/default.jpg
90,2696,『Voices』3DMVゲームサイズ公開！,2022-09-07,https://i.ytimg.com/vi/jpBCs8ZqUns/default.jpg
91,2487,『イフ』3DMVゲームサイズ公開！,2022-05-08,https://i.ytimg.com/vi/VsfcS_-b4j8/default.jpg
92,2479,青色絵具 / 日野森志歩 & 日野森雫 × 初音ミク,2022-04-15,https://i.ytimg.com/vi/a-Xnb5Iw6Is/default.jpg
93,2397,「1」 / Leo/need × 巡音ルカ,2021-05-05,https://i.ytimg.com/vi/_GdIO1AANg4/default.jpg
94,2361,『Ready Steady』3DMVゲームサイズ公開！,2020-12-18,https://i.ytimg.com/vi/cj3y6DBjyvs/default.jpg
95,2355,"Hello,world! / Leo/need × 初音ミク",2021-10-14,https://i.ytimg.com/vi/B1nUc7LfZYA/default.jpg
96,2354,どりーみんチュチュ/MORE MORE JUMP！ × 巡音ルカ,2022-02-14,https://i.ytimg.com/vi/ZVnD_K972P8/default.jpg
97,2290,命に嫌われている。 / 25時、ナイトコードで。 × 初音ミク,2020-09-29,https://i.ytimg.com/vi/F7iqxHOth58/default.jpg
98,2282,『メリュー』3DMVゲームサイズ公開！,2022-07-04,https://i.ytimg.com/vi/JsORTuF4438/default.jpg
99,2267,ハッピーシンセサイザ / MORE MORE JUMP！,2021-03-19,https://i.ytimg.com/vi/xD3amnjfxac/default.jpg
100,2241,『劣等上等』3DMVゲームサイズ公開！,2021-01-08,https://i.ytimg.com/vi/mjbDHb4B5NY/default.jpg
101,2076,『ノマド』3DMVゲームサイズ公開！,2022-03-29,https://i.ytimg.com/vi/GcuRzFt7juI/default.jpg
102,2075,ビバハピ / MORE MORE JUMP！ × 初音ミク,2020-10-11,https://i.ytimg.com/vi/zAkqd6iw-lo/default.jpg
103,2036,スイートマジック / ワンダーランズ×ショウタイム × 鏡音リン,2021-06-07,https://i.ytimg.com/vi/nNe6o3ivrXA/default.jpg
104,2029,『悪魔の踊り方』3DMVゲームサイズ公開！,2021-10-11,https://i.ytimg.com/vi/lu0AF-JByA8/default.jpg
105,1974,ロストワンの号哭[ゲームサイズ ver.]  / 鏡音リン × 巡音ルカ × MEIKO,2022-08-12,https://i.ytimg.com/vi/1B9c916aaq8/default.jpg
106,1861,アイノマテリアル / MORE MORE JUMP！ × MEIKO,2021-06-08,https://i.ytimg.com/vi/miLfbcfdqus/default.jpg
107,1852,『アイドル新鋭隊』3DMVゲームサイズ公開！,2020-12-14,https://i.ytimg.com/vi/3yQWZcYXcgg/default.jpg
108,1849,『ダンスロボットダンス』3DMVゲームサイズ公開！,2022-06-27,https://i.ytimg.com/vi/rLt45Ylw5Ks/default.jpg
109,1838,『チルドレンレコード 』3DMVゲームサイズ公開！,2021-11-10,https://i.ytimg.com/vi/jzecTyD0ljs/default.jpg
110,1771,『チュルリラ・チュルリラ・ダッダッダ！』3DMVゲームサイズ公開！,2021-01-03,https://i.ytimg.com/vi/QOU2jkl30Vs/default.jpg
111,1747,『セカイはまだ始まってすらいない』3DMVゲームサイズ公開！,2020-12-18,https://i.ytimg.com/vi/cFExVIRuGso/default.jpg
112,1741,『ロミオとシンデレラ』3DMVゲームサイズ公開！,2021-06-07,https://i.ytimg.com/vi/mlTSkRO92S0/default.jpg
113,1689,『ロストエンファウンド』3DMVゲームサイズ公開！,2022-08-15,https://i.ytimg.com/vi/xkEAHFqkJuY/default.jpg
114,1663,『天使のクローバー』3DMVゲームサイズ公開！,2021-03-30,https://i.ytimg.com/vi/fYhFyk41rSw/default.jpg
115,1658,『ミライ』3DMVゲームサイズ公開！,2021-12-31,https://i.ytimg.com/vi/7ub8n1J8ruY/default.jpg
116,1628,『からくりピエロ』3DMVゲームサイズ公開！,2021-11-29,https://i.ytimg.com/vi/R3CGPv9oeDk/default.jpg
117,1616,恋愛裁判 / MORE MORE JUMP！ × 初音ミク,2021-11-10,https://i.ytimg.com/vi/mqrp4SfMJwk/default.jpg
118,1553,『少女レイ』3DMVゲームサイズ公開！,2022-02-01,https://i.ytimg.com/vi/NpOR2QwvjPk/default.jpg
119,1550,ニジイロストーリーズ / ワンダーランズ×ショウタイム × MEIKO × KAITO,2022-03-16,https://i.ytimg.com/vi/eLIUBridZsw/default.jpg
120,1517,『Forward』3DMVゲームサイズ公開！,2020-12-08,https://i.ytimg.com/vi/t7hnsVAsWCo/default.jpg
121,1516,『オーダーメイド』3DMVゲームサイズ公開！,2022-04-28,https://i.ytimg.com/vi/eEs1PD_33EM/default.jpg
122,1453,『再生』3DMVゲームサイズ公開！,2021-09-29,https://i.ytimg.com/vi/LLoHF639Jes/default.jpg
123,1446,『ハッピーシンセサイザ』3DMVゲームサイズ公開！,2021-01-06,https://i.ytimg.com/vi/4x2oA5vy2_U/default.jpg
124,1356,magic number / バーチャル・シンガーver.（初音ミク）,2021-09-07,https://i.ytimg.com/vi/fzRWpcvPJYo/default.jpg
125,1337,『アイスドロップ』3DMVゲームサイズ公開！,2021-08-18,https://i.ytimg.com/vi/3_HXYLEP7aU/default.jpg
126,1328,『drop pop candy』3DMVゲームサイズ公開！,2021-02-15,https://i.ytimg.com/vi/KxNII3csgw4/default.jpg
127,1302,モア！ジャンプ！モア！ / MORE MORE JUMP！ × 初音ミク,2020-11-19,https://i.ytimg.com/vi/vjCfKbwD17c/default.jpg
128,1296,『シャルル』3DMVゲームサイズ公開！,2021-01-27,https://i.ytimg.com/vi/diTjDNKgjLE/default.jpg
129,1275,『ロストワンの号哭』3DMVゲームサイズ公開！,2021-10-03,https://i.ytimg.com/vi/kIvTE89Yj2A/default.jpg
130,1230,『スイートマジック』3DMVゲームサイズ公開！,2021-01-11,https://i.ytimg.com/vi/gPimbh-jxCo/default.jpg
131,1167,『ワーワーワールド』3DMVゲームサイズ公開！,2020-12-07,https://i.ytimg.com/vi/GJbEn1srk3Y/default.jpg
132,1113,アニバーサリーソング『群青讃歌』3DMVゲームサイズ公開！,2021-09-29,https://i.ytimg.com/vi/xs4RPTt4J0M/default.jpg
133,1045,『悔やむと書いてミライ』3DMVゲームサイズ公開！,2020-12-21,https://i.ytimg.com/vi/an_gDTrVdHo/default.jpg
134,1038,『フロムトーキョー』3DMVゲームサイズ公開！,2021-07-07,https://i.ytimg.com/vi/ydf6PIlMuyE/default.jpg
135,987,『テオ』3DMVゲームサイズ公開！,2021-01-18,https://i.ytimg.com/vi/RCULeLioEnc/default.jpg
136,984,『STAGE OF SEKAI』3DMVゲームサイズ公開！,2021-11-18,https://i.ytimg.com/vi/BNdJWYHa_xg/default.jpg
137,960,タイムマシン / Leo/need × 初音ミク,2021-07-05,https://i.ytimg.com/vi/s1yW2jPJiVE/default.jpg
138,956,『独りんぼエンヴィー』3DMVゲームサイズ公開！,2020-12-14,https://i.ytimg.com/vi/luujC_Y4Wsw/default.jpg
139,903,『Miku』3DMVゲームサイズ公開！,2022-06-27,https://i.ytimg.com/vi/Z21UcyNdXSQ/default.jpg
140,873,『ウミユリ海底譚』3DMVゲームサイズ公開！,2022-06-27,https://i.ytimg.com/vi/7y8ufRaaZC4/default.jpg
141,857,『ブリキノダンス』3DMVゲームサイズ公開！,2021-01-25,https://i.ytimg.com/vi/msnpPsYN2oM/default.jpg
142,827,『Color of Drops』3DMVゲームサイズ公開！,2021-01-29,https://i.ytimg.com/vi/vU-tfn7yyrQ/default.jpg
143,815,『ツギハギスタッカート』3DMVゲームサイズ公開！,2021-01-20,https://i.ytimg.com/vi/6iwD9hM9ND4/default.jpg
144,811,『ロキ』3DMVゲームサイズ公開！,2020-12-25,https://i.ytimg.com/vi/PD8PHqWuSUI/default.jpg
145,790,『Tell Your World』3DMVゲームサイズ公開！,2020-12-09,https://i.ytimg.com/vi/UUaVUWCPv_Y/default.jpg
146,745,Just Be Friends / バーチャル・シンガーver.（巡音ルカ）,2020-10-03,https://i.ytimg.com/vi/esaV1kjzg_Q/default.jpg
147,716,ニジイロストーリーズ / ワンダーランズ×ショウタイム × MEIKO × KAITO,2020-12-20,https://i.ytimg.com/vi/EIUO-fPrkSo/default.jpg
148,714,『セカイ』3DMVゲームサイズ公開！,2020-12-04,https://i.ytimg.com/vi/jxP2_vihhpM/default.jpg
149,654,『フラジール』3DMVゲームサイズ公開！,2021-01-22,https://i.ytimg.com/vi/WDWgBLrw-Jg/default.jpg
150,612,『ray』3DMVゲームサイズ公開！,2021-10-12,https://i.ytimg.com/vi/S-okMR4YUlo/default.jpg
151,593,『メルティランドナイトメア』3DMVゲームサイズ公開！,2021-02-03,https://i.ytimg.com/vi/ZKbnmy82DZE/default.jpg
152,571,『ステラ』3DMVゲームサイズ公開！,2021-02-05,https://i.ytimg.com/vi/oo2s6w-l1jQ/default.jpg
153,549,『いかないで』3DMVゲームサイズ公開！,2021-05-28,https://i.ytimg.com/vi/x7_chKm37m8/default.jpg
154,514,『needLe』3DMVゲームサイズ公開！,2020-12-11,https://i.ytimg.com/vi/kXGtXnq1iF8/default.jpg
155,496,『自傷無色』3DMVゲームサイズ公開！,2021-01-15,https://i.ytimg.com/vi/LEEyYKrEvvk/default.jpg
156,422,『ニア』3DMVゲームサイズ公開！,2021-02-01,https://i.ytimg.com/vi/mzZOoZqDly4/default.jpg
157,269,『タイムマシン』3DMVゲームサイズ公開！,2021-02-10,https://i.ytimg.com/vi/NHR3b9v_S0I/default.jpg
