video_id,title,published_at,default_thumbnail_url,large_thumbnail_url
1B9c916aaq8,ロストワンの号哭[ゲームサイズ ver.]  / 鏡音リン × 巡音ルカ × MEIKO,2022-08-12T04:49:50Z,https://i.ytimg.com/vi/1B9c916aaq8/default.jpg,https://i.ytimg.com/vi/1B9c916aaq8/hqdefault.jpg
diDsFjpV8yw,てらてら / Leo/need × 初音ミク,2022-07-21T09:02:45Z,https://i.ytimg.com/vi/diDsFjpV8yw/default.jpg,https://i.ytimg.com/vi/diDsFjpV8yw/hqdefault.jpg
3VT85q-E-UU,少女レイ / MORE MORE JUMP！ × 初音ミク,2022-07-17T09:02:14Z,https://i.ytimg.com/vi/3VT85q-E-UU/default.jpg,https://i.ytimg.com/vi/3VT85q-E-UU/hqdefault.jpg
t1XM0ECUqTE,ドクター＝ファンクビート / Vivid BAD SQUAD × KAITO,2022-07-07T01:11:28Z,https://i.ytimg.com/vi/t1XM0ECUqTE/default.jpg,https://i.ytimg.com/vi/t1XM0ECUqTE/hqdefault.jpg
_oe2F3tgKIk,ぼうけんのしょがきえました！[Long ver.] / ワンダーランズ×ショウタイム × 鏡音リン × 鏡音レン,2022-06-23T08:52:32Z,https://i.ytimg.com/vi/_oe2F3tgKIk/default.jpg,https://i.ytimg.com/vi/_oe2F3tgKIk/hqdefault.jpg
2Ii7UBMxWVw,バグ / 25時、ナイトコードで。 × 鏡音レン,2022-06-15T09:48:16Z,https://i.ytimg.com/vi/2Ii7UBMxWVw/default.jpg,https://i.ytimg.com/vi/2Ii7UBMxWVw/hqdefault.jpg
g6hGN-WNig0,心拍数♯0822 / Leo/need × 初音ミク,2022-06-08T09:00:02Z,https://i.ytimg.com/vi/g6hGN-WNig0/default.jpg,https://i.ytimg.com/vi/g6hGN-WNig0/hqdefault.jpg
BUyrhLRzAwU,Awake Now / Vivid BAD SQUAD × 初音ミク,2022-05-30T09:00:23Z,https://i.ytimg.com/vi/BUyrhLRzAwU/default.jpg,https://i.ytimg.com/vi/BUyrhLRzAwU/hqdefault.jpg
E5Wu8Ir6kdQ,月光 / Vivid BAD SQUAD × MEIKO,2022-05-20T09:00:27Z,https://i.ytimg.com/vi/E5Wu8Ir6kdQ/default.jpg,https://i.ytimg.com/vi/E5Wu8Ir6kdQ/hqdefault.jpg
xBVIHNosBTg,ミルククラウン・オン・ソーネチカ / MORE MORE JUMP！ × 初音ミク,2022-05-23T09:00:13Z,https://i.ytimg.com/vi/xBVIHNosBTg/default.jpg,https://i.ytimg.com/vi/xBVIHNosBTg/hqdefault.jpg
I36IQ3cEPAo,威風堂々 / Vivid BAD SQUAD × KAITO,2022-04-25T08:59:10Z,https://i.ytimg.com/vi/I36IQ3cEPAo/default.jpg,https://i.ytimg.com/vi/I36IQ3cEPAo/hqdefault.jpg
giOsLry_orw,88☆彡 / ワンダーランズ×ショウタイム × KAITO,2022-04-11T09:01:42Z,https://i.ytimg.com/vi/giOsLry_orw/default.jpg,https://i.ytimg.com/vi/giOsLry_orw/hqdefault.jpg
t5c8D1xbXtw,心予報 / MORE MORE JUMP！ × 初音ミク,2022-04-06T09:01:43Z,https://i.ytimg.com/vi/t5c8D1xbXtw/default.jpg,https://i.ytimg.com/vi/t5c8D1xbXtw/hqdefault.jpg
0BHY0Gs0ZZM,メタモリボン / MORE MORE JUMP！ × 鏡音リン,2022-03-29T09:22:00Z,https://i.ytimg.com/vi/0BHY0Gs0ZZM/default.jpg,https://i.ytimg.com/vi/0BHY0Gs0ZZM/hqdefault.jpg
eLIUBridZsw,ニジイロストーリーズ / ワンダーランズ×ショウタイム × MEIKO × KAITO,2022-03-16T09:49:08Z,https://i.ytimg.com/vi/eLIUBridZsw/default.jpg,https://i.ytimg.com/vi/eLIUBridZsw/hqdefault.jpg
babaG-xuBQM,サラマンダー / 東雲彰人 & 東雲絵名 × 初音ミク,2022-04-15T08:09:45Z,https://i.ytimg.com/vi/babaG-xuBQM/default.jpg,https://i.ytimg.com/vi/babaG-xuBQM/hqdefault.jpg
eb46opRRyLc,僕らまだアンダーグラウンド / Leo/need × 初音ミク,2022-03-04T09:45:19Z,https://i.ytimg.com/vi/eb46opRRyLc/default.jpg,https://i.ytimg.com/vi/eb46opRRyLc/hqdefault.jpg
IPIwkhKdQxM,Peaky Peaky/Leo/need × KAITO,2022-02-26T12:26:33Z,https://i.ytimg.com/vi/IPIwkhKdQxM/default.jpg,https://i.ytimg.com/vi/IPIwkhKdQxM/hqdefault.jpg
aFx6y9HxDt0,ナンセンス文学 / ワンダーランズ×ショウタイム × 鏡音レン,2022-03-04T09:45:55Z,https://i.ytimg.com/vi/aFx6y9HxDt0/default.jpg,https://i.ytimg.com/vi/aFx6y9HxDt0/hqdefault.jpg
jPXAgWkqbo4,徳川カップヌードル禁止令 / 草薙寧々 & ネネロボ × ミクダヨー & 鏡音レン & KAITO,2022-03-16T10:18:12Z,https://i.ytimg.com/vi/jPXAgWkqbo4/default.jpg,https://i.ytimg.com/vi/jPXAgWkqbo4/hqdefault.jpg
ZVnD_K972P8,どりーみんチュチュ/MORE MORE JUMP！ × 巡音ルカ,2022-02-14T09:37:00Z,https://i.ytimg.com/vi/ZVnD_K972P8/default.jpg,https://i.ytimg.com/vi/ZVnD_K972P8/hqdefault.jpg
0qb27SBWZ38,コスモスパイス / 天馬咲希 & 天馬司 × 初音ミク,2022-04-15T08:09:27Z,https://i.ytimg.com/vi/0qb27SBWZ38/default.jpg,https://i.ytimg.com/vi/0qb27SBWZ38/hqdefault.jpg
M_ijFuoASt0,トリコロージュ/25時、ナイトコードで。 × 初音ミク,2022-01-31T02:43:28Z,https://i.ytimg.com/vi/M_ijFuoASt0/default.jpg,https://i.ytimg.com/vi/M_ijFuoASt0/hqdefault.jpg
ZiZkXbivmh4,チュルリラ・チュルリラ・ダッダッダ！/ワンダーランズ×ショウタイム,2022-01-26T05:47:00Z,https://i.ytimg.com/vi/ZiZkXbivmh4/default.jpg,https://i.ytimg.com/vi/ZiZkXbivmh4/hqdefault.jpg
a-Xnb5Iw6Is,青色絵具 / 日野森志歩 & 日野森雫 × 初音ミク,2022-04-15T08:09:59Z,https://i.ytimg.com/vi/a-Xnb5Iw6Is/default.jpg,https://i.ytimg.com/vi/a-Xnb5Iw6Is/hqdefault.jpg
JluOv0KD9Wc,乙女解剖 / 25時、ナイトコードで。 × 初音ミク,2022-01-14T12:51:09Z,https://i.ytimg.com/vi/JluOv0KD9Wc/default.jpg,https://i.ytimg.com/vi/JluOv0KD9Wc/hqdefault.jpg
YsSShYaKOvk,アイデンティティ / 宵崎 奏 × 初音ミク,2022-04-15T08:09:11Z,https://i.ytimg.com/vi/YsSShYaKOvk/default.jpg,https://i.ytimg.com/vi/YsSShYaKOvk/hqdefault.jpg
X_u5UtcgrKw,ミライ / Vivid BAD SQUAD × 巡音ルカ,2021-12-22T07:30:17Z,https://i.ytimg.com/vi/X_u5UtcgrKw/default.jpg,https://i.ytimg.com/vi/X_u5UtcgrKw/hqdefault.jpg
B45Q1AbiBWg,KING / 天馬 司、神代 類（ワンダーランズ×ショウタイム）,2022-01-26T05:46:42Z,https://i.ytimg.com/vi/B45Q1AbiBWg/default.jpg,https://i.ytimg.com/vi/B45Q1AbiBWg/hqdefault.jpg
aO_ZCaoojh4,ワールドワイドワンダー / MORE MORE JUMP！ × KAITO,2021-12-22T07:32:24Z,https://i.ytimg.com/vi/aO_ZCaoojh4/default.jpg,https://i.ytimg.com/vi/aO_ZCaoojh4/hqdefault.jpg
UyDytd1EZSk,トラフィック・ジャム / Vivid BAD SQUAD × 鏡音リン,2022-01-17T09:08:08Z,https://i.ytimg.com/vi/UyDytd1EZSk/default.jpg,https://i.ytimg.com/vi/UyDytd1EZSk/hqdefault.jpg
16M9oC-a5bY,ロウワー / 25時、ナイトコードで。 × MEIKO,2021-11-16T09:40:21Z,https://i.ytimg.com/vi/16M9oC-a5bY/default.jpg,https://i.ytimg.com/vi/16M9oC-a5bY/hqdefault.jpg
B1nUc7LfZYA,"Hello,world! / Leo/need × 初音ミク",2021-10-14T01:12:41Z,https://i.ytimg.com/vi/B1nUc7LfZYA/default.jpg,https://i.ytimg.com/vi/B1nUc7LfZYA/hqdefault.jpg
YkP0JMByjRM,ray / Leo/need × 初音ミク,2021-10-12T09:13:30Z,https://i.ytimg.com/vi/YkP0JMByjRM/default.jpg,https://i.ytimg.com/vi/YkP0JMByjRM/hqdefault.jpg
hZgbqUQI64E,流星のパルス / Leo/need × MEIKO,2021-09-19T12:23:01Z,https://i.ytimg.com/vi/hZgbqUQI64E/default.jpg,https://i.ytimg.com/vi/hZgbqUQI64E/hqdefault.jpg
fzRWpcvPJYo,magic number / バーチャル・シンガーver.（初音ミク）,2021-09-07T02:54:07Z,https://i.ytimg.com/vi/fzRWpcvPJYo/default.jpg,https://i.ytimg.com/vi/fzRWpcvPJYo/hqdefault.jpg
JoM4JGqQyCU,Glory Steady Go! / ワンダーランズ×ショウタイム × 巡音ルカ,2021-09-09T03:53:33Z,https://i.ytimg.com/vi/JoM4JGqQyCU/default.jpg,https://i.ytimg.com/vi/JoM4JGqQyCU/hqdefault.jpg
mqrp4SfMJwk,恋愛裁判 / MORE MORE JUMP！ × 初音ミク,2021-11-10T03:03:34Z,https://i.ytimg.com/vi/mqrp4SfMJwk/default.jpg,https://i.ytimg.com/vi/mqrp4SfMJwk/hqdefault.jpg
8m1cUgLepmY,シネマ / Vivid BAD SQUAD × KAITO,2021-08-17T09:11:11Z,https://i.ytimg.com/vi/8m1cUgLepmY/default.jpg,https://i.ytimg.com/vi/8m1cUgLepmY/hqdefault.jpg
J9kD9rYR088,ジャックポットサッドガール / 25時、ナイトコードで。 × 初音ミク,2021-08-03T02:57:32Z,https://i.ytimg.com/vi/J9kD9rYR088/default.jpg,https://i.ytimg.com/vi/J9kD9rYR088/hqdefault.jpg
BdTf_uKTqos,ポジティブ☆ダンスタイム / ワンダーランズ×ショウタイム × 鏡音リン,2021-07-20T09:13:16Z,https://i.ytimg.com/vi/BdTf_uKTqos/default.jpg,https://i.ytimg.com/vi/BdTf_uKTqos/hqdefault.jpg
jSwRwYVjRg8,地球最後の告白を / MORE MORE JUMP！ × 巡音ルカ,2021-07-20T03:36:33Z,https://i.ytimg.com/vi/jSwRwYVjRg8/default.jpg,https://i.ytimg.com/vi/jSwRwYVjRg8/hqdefault.jpg
DaWbq6KeJq4,Beat Eater / Vivid BAD SQUAD × 鏡音レン,2021-07-20T03:35:44Z,https://i.ytimg.com/vi/DaWbq6KeJq4/default.jpg,https://i.ytimg.com/vi/DaWbq6KeJq4/hqdefault.jpg
uDgikBUvIlQ,六兆年と一夜物語 / Leo/need × 初音ミク,2021-07-11T09:04:35Z,https://i.ytimg.com/vi/uDgikBUvIlQ/default.jpg,https://i.ytimg.com/vi/uDgikBUvIlQ/hqdefault.jpg
s1yW2jPJiVE,タイムマシン / Leo/need × 初音ミク,2021-07-05T02:11:15Z,https://i.ytimg.com/vi/s1yW2jPJiVE/default.jpg,https://i.ytimg.com/vi/s1yW2jPJiVE/hqdefault.jpg
GTlQhMRHXIg,カナデトモスソラ / 25時、ナイトコードで。 × 巡音ルカ,2021-06-28T13:18:52Z,https://i.ytimg.com/vi/GTlQhMRHXIg/default.jpg,https://i.ytimg.com/vi/GTlQhMRHXIg/hqdefault.jpg
SKbutknpQ_I,モア！ジャンプ！モア！ / MORE MORE JUMP！ × 初音ミク,2021-06-28T13:19:21Z,https://i.ytimg.com/vi/SKbutknpQ_I/default.jpg,https://i.ytimg.com/vi/SKbutknpQ_I/hqdefault.jpg
n7ZmBBf5-7g,自傷無色 / 25時、ナイトコードで。 × 初音ミク,2021-06-18T08:12:46Z,https://i.ytimg.com/vi/n7ZmBBf5-7g/default.jpg,https://i.ytimg.com/vi/n7ZmBBf5-7g/hqdefault.jpg
nNe6o3ivrXA,スイートマジック / ワンダーランズ×ショウタイム × 鏡音リン,2021-06-07T01:11:25Z,https://i.ytimg.com/vi/nNe6o3ivrXA/default.jpg,https://i.ytimg.com/vi/nNe6o3ivrXA/hqdefault.jpg
miLfbcfdqus,アイノマテリアル / MORE MORE JUMP！ × MEIKO,2021-06-08T05:53:45Z,https://i.ytimg.com/vi/miLfbcfdqus/default.jpg,https://i.ytimg.com/vi/miLfbcfdqus/hqdefault.jpg
ZjNUJUgyoOw,ボッカデラベリタ / 朝比奈まふゆ、暁山瑞希（25時、ナイトコードで。）,2021-05-27T11:12:32Z,https://i.ytimg.com/vi/ZjNUJUgyoOw/default.jpg,https://i.ytimg.com/vi/ZjNUJUgyoOw/hqdefault.jpg
4z9Mg8sbFeU,ECHO / Vivid BAD SQUAD × 巡音ルカ,2021-05-05T02:32:44Z,https://i.ytimg.com/vi/4z9Mg8sbFeU/default.jpg,https://i.ytimg.com/vi/4z9Mg8sbFeU/hqdefault.jpg
_GdIO1AANg4,「1」 / Leo/need × 巡音ルカ,2021-05-05T02:32:34Z,https://i.ytimg.com/vi/_GdIO1AANg4/default.jpg,https://i.ytimg.com/vi/_GdIO1AANg4/hqdefault.jpg
1RoDmN9n8xE,ワンスアポンアドリーム / ワンダーランズ×ショウタイム × 鏡音レン,2021-04-21T04:10:52Z,https://i.ytimg.com/vi/1RoDmN9n8xE/default.jpg,https://i.ytimg.com/vi/1RoDmN9n8xE/hqdefault.jpg
xD3amnjfxac,ハッピーシンセサイザ / MORE MORE JUMP！,2021-03-19T09:28:16Z,https://i.ytimg.com/vi/xD3amnjfxac/default.jpg,https://i.ytimg.com/vi/xD3amnjfxac/hqdefault.jpg
i16qWEUjd4o,ヒバナ -Reloaded- / Leo/need × 初音ミク,2021-03-19T09:28:05Z,https://i.ytimg.com/vi/i16qWEUjd4o/default.jpg,https://i.ytimg.com/vi/i16qWEUjd4o/hqdefault.jpg
ZMbWDpC1N7s,RAD DOGS / Vivid BAD SQUAD × 初音ミク,2021-02-07T12:22:28Z,https://i.ytimg.com/vi/ZMbWDpC1N7s/default.jpg,https://i.ytimg.com/vi/ZMbWDpC1N7s/hqdefault.jpg
70ZLvDTonqI,霽れを待つ / Leo/need × 初音ミク,2021-01-10T06:09:20Z,https://i.ytimg.com/vi/70ZLvDTonqI/default.jpg,https://i.ytimg.com/vi/70ZLvDTonqI/hqdefault.jpg
EIUO-fPrkSo,ニジイロストーリーズ / ワンダーランズ×ショウタイム × MEIKO × KAITO,2020-12-20T06:12:09Z,https://i.ytimg.com/vi/EIUO-fPrkSo/default.jpg,https://i.ytimg.com/vi/EIUO-fPrkSo/hqdefault.jpg
9kZ6MPqj9Tg,フラジール / Vivid BAD SQUAD,2020-12-03T09:00:21Z,https://i.ytimg.com/vi/9kZ6MPqj9Tg/default.jpg,https://i.ytimg.com/vi/9kZ6MPqj9Tg/hqdefault.jpg
vjCfKbwD17c,モア！ジャンプ！モア！ / MORE MORE JUMP！ × 初音ミク,2020-11-19T06:07:05Z,https://i.ytimg.com/vi/vjCfKbwD17c/default.jpg,https://i.ytimg.com/vi/vjCfKbwD17c/hqdefault.jpg
AL6hWKN0WQo,ステラ / Leo/need × 初音ミク,2020-11-16T10:06:28Z,https://i.ytimg.com/vi/AL6hWKN0WQo/default.jpg,https://i.ytimg.com/vi/AL6hWKN0WQo/hqdefault.jpg
kU4Rth300FM,ミラクルペイント / ワンダーランズ×ショウタイム × 初音ミク,2020-11-02T09:00:03Z,https://i.ytimg.com/vi/kU4Rth300FM/default.jpg,https://i.ytimg.com/vi/kU4Rth300FM/hqdefault.jpg
kNLyqES4fC8,携帯恋話 / 25時、ナイトコードで。 × 初音ミク,2020-10-15T06:11:23Z,https://i.ytimg.com/vi/kNLyqES4fC8/default.jpg,https://i.ytimg.com/vi/kNLyqES4fC8/hqdefault.jpg
zAkqd6iw-lo,ビバハピ / MORE MORE JUMP！ × 初音ミク,2020-10-11T06:00:10Z,https://i.ytimg.com/vi/zAkqd6iw-lo/default.jpg,https://i.ytimg.com/vi/zAkqd6iw-lo/hqdefault.jpg
esaV1kjzg_Q,Just Be Friends / バーチャル・シンガーver.（巡音ルカ）,2020-10-03T18:29:02Z,https://i.ytimg.com/vi/esaV1kjzg_Q/default.jpg,https://i.ytimg.com/vi/esaV1kjzg_Q/hqdefault.jpg
wNxrGUf6G0A,命に嫌われている。 / アナザーver. by 宵崎奏（25時、ナイトコードで。）,2020-09-29T10:41:56Z,https://i.ytimg.com/vi/wNxrGUf6G0A/default.jpg,https://i.ytimg.com/vi/wNxrGUf6G0A/hqdefault.jpg
F7iqxHOth58,命に嫌われている。 / 25時、ナイトコードで。 × 初音ミク,2020-09-29T10:41:56Z,https://i.ytimg.com/vi/F7iqxHOth58/default.jpg,https://i.ytimg.com/vi/F7iqxHOth58/hqdefault.jpg
xkEAHFqkJuY,『ロストエンファウンド』3DMVゲームサイズ公開！,2022-08-15T06:04:55Z,https://i.ytimg.com/vi/xkEAHFqkJuY/default.jpg,https://i.ytimg.com/vi/xkEAHFqkJuY/hqdefault.jpg
YF3cVIzd0oc,『街』3DMVゲームサイズ公開！,2022-07-19T13:06:59Z,https://i.ytimg.com/vi/YF3cVIzd0oc/default.jpg,https://i.ytimg.com/vi/YF3cVIzd0oc/hqdefault.jpg
JsORTuF4438,『メリュー』3DMVゲームサイズ公開！,2022-07-04T06:04:25Z,https://i.ytimg.com/vi/JsORTuF4438/default.jpg,https://i.ytimg.com/vi/JsORTuF4438/hqdefault.jpg
22x2JzhqKnI,『星空のメロディー』3DMVゲームサイズ公開！,2022-06-28T13:12:26Z,https://i.ytimg.com/vi/22x2JzhqKnI/default.jpg,https://i.ytimg.com/vi/22x2JzhqKnI/hqdefault.jpg
8q-iWdjIbB0,『ヴァンパイア』3DMVゲームサイズ公開！,2022-06-20T06:56:42Z,https://i.ytimg.com/vi/8q-iWdjIbB0/default.jpg,https://i.ytimg.com/vi/8q-iWdjIbB0/hqdefault.jpg
cb1s5_U0wd0,『神のまにまに』3DMVゲームサイズ公開！,2022-06-03T02:44:19Z,https://i.ytimg.com/vi/cb1s5_U0wd0/default.jpg,https://i.ytimg.com/vi/cb1s5_U0wd0/hqdefault.jpg
VsfcS_-b4j8,『イフ』3DMVゲームサイズ公開！,2022-05-08T12:45:38Z,https://i.ytimg.com/vi/VsfcS_-b4j8/default.jpg,https://i.ytimg.com/vi/VsfcS_-b4j8/hqdefault.jpg
eEs1PD_33EM,『オーダーメイド』3DMVゲームサイズ公開！,2022-04-28T13:07:30Z,https://i.ytimg.com/vi/eEs1PD_33EM/default.jpg,https://i.ytimg.com/vi/eEs1PD_33EM/hqdefault.jpg
VgRSxoqClkw,『PaⅢ.SENSATION』3DMVゲームサイズ公開！,2022-04-18T05:51:24Z,https://i.ytimg.com/vi/VgRSxoqClkw/default.jpg,https://i.ytimg.com/vi/VgRSxoqClkw/hqdefault.jpg
GcuRzFt7juI,『ノマド』3DMVゲームサイズ公開！,2022-03-29T09:19:55Z,https://i.ytimg.com/vi/GcuRzFt7juI/default.jpg,https://i.ytimg.com/vi/GcuRzFt7juI/hqdefault.jpg
v_VDb-gxF5Y,『いーあるふぁんくらぶ』3DMVゲームサイズ公開！,2022-03-16T09:49:21Z,https://i.ytimg.com/vi/v_VDb-gxF5Y/default.jpg,https://i.ytimg.com/vi/v_VDb-gxF5Y/hqdefault.jpg
Z21UcyNdXSQ,『Miku』3DMVゲームサイズ公開！,2022-06-27T06:15:48Z,https://i.ytimg.com/vi/Z21UcyNdXSQ/default.jpg,https://i.ytimg.com/vi/Z21UcyNdXSQ/hqdefault.jpg
5fQRNjyRuSY,『Flyer!』3DMVゲームサイズ公開！,2022-02-16T13:06:57Z,https://i.ytimg.com/vi/5fQRNjyRuSY/default.jpg,https://i.ytimg.com/vi/5fQRNjyRuSY/hqdefault.jpg
DsFlCC96EgU,『愛して愛して愛して』3DMVゲームサイズ公開！,2022-02-14T09:37:25Z,https://i.ytimg.com/vi/DsFlCC96EgU/default.jpg,https://i.ytimg.com/vi/DsFlCC96EgU/hqdefault.jpg
v7SYWS2jarw,『にっこり^^調査隊のテーマ』3DMVゲームサイズ公開！,2022-01-19T13:10:18Z,https://i.ytimg.com/vi/v7SYWS2jarw/default.jpg,https://i.ytimg.com/vi/v7SYWS2jarw/hqdefault.jpg
NpOR2QwvjPk,『少女レイ』3DMVゲームサイズ公開！,2022-02-01T07:22:50Z,https://i.ytimg.com/vi/NpOR2QwvjPk/default.jpg,https://i.ytimg.com/vi/NpOR2QwvjPk/hqdefault.jpg
rLt45Ylw5Ks,『ダンスロボットダンス』3DMVゲームサイズ公開！,2022-06-27T06:18:55Z,https://i.ytimg.com/vi/rLt45Ylw5Ks/default.jpg,https://i.ytimg.com/vi/rLt45Ylw5Ks/hqdefault.jpg
7y8ufRaaZC4,『ウミユリ海底譚』3DMVゲームサイズ公開！,2022-06-27T06:19:24Z,https://i.ytimg.com/vi/7y8ufRaaZC4/default.jpg,https://i.ytimg.com/vi/7y8ufRaaZC4/hqdefault.jpg
gQD4GfgIqZA,『ヴィラン』3DMVゲームサイズ公開！,2021-12-31T06:09:27Z,https://i.ytimg.com/vi/gQD4GfgIqZA/default.jpg,https://i.ytimg.com/vi/gQD4GfgIqZA/hqdefault.jpg
7ub8n1J8ruY,『ミライ』3DMVゲームサイズ公開！,2021-12-31T01:45:19Z,https://i.ytimg.com/vi/7ub8n1J8ruY/default.jpg,https://i.ytimg.com/vi/7ub8n1J8ruY/hqdefault.jpg
R3CGPv9oeDk,『からくりピエロ』3DMVゲームサイズ公開！,2021-11-29T06:05:21Z,https://i.ytimg.com/vi/R3CGPv9oeDk/default.jpg,https://i.ytimg.com/vi/R3CGPv9oeDk/hqdefault.jpg
BNdJWYHa_xg,『STAGE OF SEKAI』3DMVゲームサイズ公開！,2021-11-18T13:09:50Z,https://i.ytimg.com/vi/BNdJWYHa_xg/default.jpg,https://i.ytimg.com/vi/BNdJWYHa_xg/hqdefault.jpg
bKKxLK_1ae8,『ショウタイム・ルーラー』3DMVゲームサイズ公開！,2021-10-29T13:09:19Z,https://i.ytimg.com/vi/bKKxLK_1ae8/default.jpg,https://i.ytimg.com/vi/bKKxLK_1ae8/hqdefault.jpg
S-okMR4YUlo,『ray』3DMVゲームサイズ公開！,2021-10-12T06:01:40Z,https://i.ytimg.com/vi/S-okMR4YUlo/default.jpg,https://i.ytimg.com/vi/S-okMR4YUlo/hqdefault.jpg
lu0AF-JByA8,『悪魔の踊り方』3DMVゲームサイズ公開！,2021-10-11T01:42:21Z,https://i.ytimg.com/vi/lu0AF-JByA8/default.jpg,https://i.ytimg.com/vi/lu0AF-JByA8/hqdefault.jpg
kIvTE89Yj2A,『ロストワンの号哭』3DMVゲームサイズ公開！,2021-10-03T08:57:26Z,https://i.ytimg.com/vi/kIvTE89Yj2A/default.jpg,https://i.ytimg.com/vi/kIvTE89Yj2A/hqdefault.jpg
xs4RPTt4J0M,アニバーサリーソング『群青讃歌』3DMVゲームサイズ公開！,2021-09-29T15:08:27Z,https://i.ytimg.com/vi/xs4RPTt4J0M/default.jpg,https://i.ytimg.com/vi/xs4RPTt4J0M/hqdefault.jpg
LLoHF639Jes,『再生』3DMVゲームサイズ公開！,2021-09-29T13:09:52Z,https://i.ytimg.com/vi/LLoHF639Jes/default.jpg,https://i.ytimg.com/vi/LLoHF639Jes/hqdefault.jpg
jzecTyD0ljs,『チルドレンレコード 』3DMVゲームサイズ公開！,2021-11-10T03:11:19Z,https://i.ytimg.com/vi/jzecTyD0ljs/default.jpg,https://i.ytimg.com/vi/jzecTyD0ljs/hqdefault.jpg
3_HXYLEP7aU,『アイスドロップ』3DMVゲームサイズ公開！,2021-08-18T13:10:57Z,https://i.ytimg.com/vi/3_HXYLEP7aU/default.jpg,https://i.ytimg.com/vi/3_HXYLEP7aU/hqdefault.jpg
vnTW9sS-9P4,『ビターチョコデコレーション 』3DMVゲームサイズ公開！,2021-08-05T08:54:19Z,https://i.ytimg.com/vi/vnTW9sS-9P4/default.jpg,https://i.ytimg.com/vi/vnTW9sS-9P4/hqdefault.jpg
ydf6PIlMuyE,『フロムトーキョー』3DMVゲームサイズ公開！,2021-07-07T13:09:32Z,https://i.ytimg.com/vi/ydf6PIlMuyE/default.jpg,https://i.ytimg.com/vi/ydf6PIlMuyE/hqdefault.jpg
vI5xihka9hw,『トンデモワンダーズ』3DMVゲームサイズ公開！,2021-06-21T08:33:59Z,https://i.ytimg.com/vi/vI5xihka9hw/default.jpg,https://i.ytimg.com/vi/vI5xihka9hw/hqdefault.jpg
mlTSkRO92S0,『ロミオとシンデレラ』3DMVゲームサイズ公開！,2021-06-07T06:04:30Z,https://i.ytimg.com/vi/mlTSkRO92S0/default.jpg,https://i.ytimg.com/vi/mlTSkRO92S0/hqdefault.jpg
x7_chKm37m8,『いかないで』3DMVゲームサイズ公開！,2021-05-28T06:05:39Z,https://i.ytimg.com/vi/x7_chKm37m8/default.jpg,https://i.ytimg.com/vi/x7_chKm37m8/hqdefault.jpg
mfYruS61p48,『シネマ』3DMVゲームサイズ公開！,2021-05-08T13:09:16Z,https://i.ytimg.com/vi/mfYruS61p48/default.jpg,https://i.ytimg.com/vi/mfYruS61p48/hqdefault.jpg
QdYji4SVH3A,『アイディスマイル』3DMVゲームサイズ公開！,2021-04-19T13:16:06Z,https://i.ytimg.com/vi/QdYji4SVH3A/default.jpg,https://i.ytimg.com/vi/QdYji4SVH3A/hqdefault.jpg
qtJ6U4c0_fQ,『限りなく灰色へ』3DMVゲームサイズ公開！,2021-04-12T03:08:44Z,https://i.ytimg.com/vi/qtJ6U4c0_fQ/default.jpg,https://i.ytimg.com/vi/qtJ6U4c0_fQ/hqdefault.jpg
M_9lPZyS-eQ,『お気に召すまま』3DMVゲームサイズ公開！,2021-04-05T06:06:17Z,https://i.ytimg.com/vi/M_9lPZyS-eQ/default.jpg,https://i.ytimg.com/vi/M_9lPZyS-eQ/hqdefault.jpg
fYhFyk41rSw,『天使のクローバー』3DMVゲームサイズ公開！,2021-03-30T13:19:36Z,https://i.ytimg.com/vi/fYhFyk41rSw/default.jpg,https://i.ytimg.com/vi/fYhFyk41rSw/hqdefault.jpg
KvnS-TCq05Y,『威風堂々』3DMVゲームサイズ公開！,2021-03-15T06:04:46Z,https://i.ytimg.com/vi/KvnS-TCq05Y/default.jpg,https://i.ytimg.com/vi/KvnS-TCq05Y/hqdefault.jpg
KxNII3csgw4,『drop pop candy』3DMVゲームサイズ公開！,2021-02-15T06:00:58Z,https://i.ytimg.com/vi/KxNII3csgw4/default.jpg,https://i.ytimg.com/vi/KxNII3csgw4/hqdefault.jpg
NHR3b9v_S0I,『タイムマシン』3DMVゲームサイズ公開！,2021-02-10T06:01:28Z,https://i.ytimg.com/vi/NHR3b9v_S0I/default.jpg,https://i.ytimg.com/vi/NHR3b9v_S0I/hqdefault.jpg
h_h1uJcLsAE,『potatoになっていく』3DMVゲームサイズ公開！,2021-02-08T09:04:35Z,https://i.ytimg.com/vi/h_h1uJcLsAE/default.jpg,https://i.ytimg.com/vi/h_h1uJcLsAE/hqdefault.jpg
oo2s6w-l1jQ,『ステラ』3DMVゲームサイズ公開！,2021-02-05T09:00:17Z,https://i.ytimg.com/vi/oo2s6w-l1jQ/default.jpg,https://i.ytimg.com/vi/oo2s6w-l1jQ/hqdefault.jpg
ZKbnmy82DZE,『メルティランドナイトメア』3DMVゲームサイズ公開！,2021-02-03T09:00:05Z,https://i.ytimg.com/vi/ZKbnmy82DZE/default.jpg,https://i.ytimg.com/vi/ZKbnmy82DZE/hqdefault.jpg
mzZOoZqDly4,『ニア』3DMVゲームサイズ公開！,2021-02-01T09:00:16Z,https://i.ytimg.com/vi/mzZOoZqDly4/default.jpg,https://i.ytimg.com/vi/mzZOoZqDly4/hqdefault.jpg
vU-tfn7yyrQ,『Color of Drops』3DMVゲームサイズ公開！,2021-01-29T13:13:57Z,https://i.ytimg.com/vi/vU-tfn7yyrQ/default.jpg,https://i.ytimg.com/vi/vU-tfn7yyrQ/hqdefault.jpg
diTjDNKgjLE,『シャルル』3DMVゲームサイズ公開！,2021-01-27T09:00:13Z,https://i.ytimg.com/vi/diTjDNKgjLE/default.jpg,https://i.ytimg.com/vi/diTjDNKgjLE/hqdefault.jpg
msnpPsYN2oM,『ブリキノダンス』3DMVゲームサイズ公開！,2021-01-25T09:02:03Z,https://i.ytimg.com/vi/msnpPsYN2oM/default.jpg,https://i.ytimg.com/vi/msnpPsYN2oM/hqdefault.jpg
WDWgBLrw-Jg,『フラジール』3DMVゲームサイズ公開！,2021-01-22T09:12:34Z,https://i.ytimg.com/vi/WDWgBLrw-Jg/default.jpg,https://i.ytimg.com/vi/WDWgBLrw-Jg/hqdefault.jpg
6iwD9hM9ND4,『ツギハギスタッカート』3DMVゲームサイズ公開！,2021-01-20T09:00:35Z,https://i.ytimg.com/vi/6iwD9hM9ND4/default.jpg,https://i.ytimg.com/vi/6iwD9hM9ND4/hqdefault.jpg
RCULeLioEnc,『テオ』3DMVゲームサイズ公開！,2021-01-18T09:00:28Z,https://i.ytimg.com/vi/RCULeLioEnc/default.jpg,https://i.ytimg.com/vi/RCULeLioEnc/hqdefault.jpg
LEEyYKrEvvk,『自傷無色』3DMVゲームサイズ公開！,2021-01-15T09:00:38Z,https://i.ytimg.com/vi/LEEyYKrEvvk/default.jpg,https://i.ytimg.com/vi/LEEyYKrEvvk/hqdefault.jpg
gPimbh-jxCo,『スイートマジック』3DMVゲームサイズ公開！,2021-01-11T09:00:16Z,https://i.ytimg.com/vi/gPimbh-jxCo/default.jpg,https://i.ytimg.com/vi/gPimbh-jxCo/hqdefault.jpg
mjbDHb4B5NY,『劣等上等』3DMVゲームサイズ公開！,2021-01-08T09:00:08Z,https://i.ytimg.com/vi/mjbDHb4B5NY/default.jpg,https://i.ytimg.com/vi/mjbDHb4B5NY/hqdefault.jpg
4x2oA5vy2_U,『ハッピーシンセサイザ』3DMVゲームサイズ公開！,2021-01-06T09:00:17Z,https://i.ytimg.com/vi/4x2oA5vy2_U/default.jpg,https://i.ytimg.com/vi/4x2oA5vy2_U/hqdefault.jpg
QOU2jkl30Vs,『チュルリラ・チュルリラ・ダッダッダ！』3DMVゲームサイズ公開！,2021-01-03T06:00:11Z,https://i.ytimg.com/vi/QOU2jkl30Vs/default.jpg,https://i.ytimg.com/vi/QOU2jkl30Vs/hqdefault.jpg
PD8PHqWuSUI,『ロキ』3DMVゲームサイズ公開！,2020-12-25T09:00:43Z,https://i.ytimg.com/vi/PD8PHqWuSUI/default.jpg,https://i.ytimg.com/vi/PD8PHqWuSUI/hqdefault.jpg
an_gDTrVdHo,『悔やむと書いてミライ』3DMVゲームサイズ公開！,2020-12-21T09:01:23Z,https://i.ytimg.com/vi/an_gDTrVdHo/default.jpg,https://i.ytimg.com/vi/an_gDTrVdHo/hqdefault.jpg
cFExVIRuGso,『セカイはまだ始まってすらいない』3DMVゲームサイズ公開！,2020-12-18T09:00:12Z,https://i.ytimg.com/vi/cFExVIRuGso/default.jpg,https://i.ytimg.com/vi/cFExVIRuGso/hqdefault.jpg
cj3y6DBjyvs,『Ready Steady』3DMVゲームサイズ公開！,2020-12-18T05:50:40Z,https://i.ytimg.com/vi/cj3y6DBjyvs/default.jpg,https://i.ytimg.com/vi/cj3y6DBjyvs/hqdefault.jpg
3yQWZcYXcgg,『アイドル新鋭隊』3DMVゲームサイズ公開！,2020-12-14T09:00:01Z,https://i.ytimg.com/vi/3yQWZcYXcgg/default.jpg,https://i.ytimg.com/vi/3yQWZcYXcgg/hqdefault.jpg
luujC_Y4Wsw,『独りんぼエンヴィー』3DMVゲームサイズ公開！,2020-12-14T06:00:35Z,https://i.ytimg.com/vi/luujC_Y4Wsw/default.jpg,https://i.ytimg.com/vi/luujC_Y4Wsw/hqdefault.jpg
kXGtXnq1iF8,『needLe』3DMVゲームサイズ公開！,2020-12-11T09:30:02Z,https://i.ytimg.com/vi/kXGtXnq1iF8/default.jpg,https://i.ytimg.com/vi/kXGtXnq1iF8/hqdefault.jpg
UUaVUWCPv_Y,『Tell Your World』3DMVゲームサイズ公開！,2020-12-09T09:00:01Z,https://i.ytimg.com/vi/UUaVUWCPv_Y/default.jpg,https://i.ytimg.com/vi/UUaVUWCPv_Y/hqdefault.jpg
t7hnsVAsWCo,『Forward』3DMVゲームサイズ公開！,2020-12-08T13:06:24Z,https://i.ytimg.com/vi/t7hnsVAsWCo/default.jpg,https://i.ytimg.com/vi/t7hnsVAsWCo/hqdefault.jpg
GJbEn1srk3Y,『ワーワーワールド』3DMVゲームサイズ公開！,2020-12-07T09:00:03Z,https://i.ytimg.com/vi/GJbEn1srk3Y/default.jpg,https://i.ytimg.com/vi/GJbEn1srk3Y/hqdefault.jpg
jxP2_vihhpM,『セカイ』3DMVゲームサイズ公開！,2020-12-04T01:25:42Z,https://i.ytimg.com/vi/jxP2_vihhpM/default.jpg,https://i.ytimg.com/vi/jxP2_vihhpM/hqdefault.jpg
KJI_3HaLtmc,パラソルサイダー / MORE MORE JUMP！ × 巡音ルカ,2022-08-10T09:05:07Z,https://i.ytimg.com/vi/KJI_3HaLtmc/default.jpg,https://i.ytimg.com/vi/KJI_3HaLtmc/hqdefault.jpg
mMUFtpnPFKs,悪魔の踊り方 / Vivid BAD SQUAD × 鏡音リン,2022-08-27T09:00:09Z,https://i.ytimg.com/vi/mMUFtpnPFKs/default.jpg,https://i.ytimg.com/vi/mMUFtpnPFKs/hqdefault.jpg
jfO8TPREjco,フレー / Leo/need × 初音ミク,2022-08-29T03:12:58Z,https://i.ytimg.com/vi/jfO8TPREjco/default.jpg,https://i.ytimg.com/vi/jfO8TPREjco/hqdefault.jpg
WnteC9NvDKQ,『君の夜をくれ』3DMVゲームサイズ公開！,2022-08-29T13:08:00Z,https://i.ytimg.com/vi/WnteC9NvDKQ/default.jpg,https://i.ytimg.com/vi/WnteC9NvDKQ/hqdefault.jpg
jpBCs8ZqUns,『Voices』3DMVゲームサイズ公開！,2022-09-07T13:08:52Z,https://i.ytimg.com/vi/jpBCs8ZqUns/default.jpg,https://i.ytimg.com/vi/jpBCs8ZqUns/hqdefault.jpg
gocFWi_8dfI,いーあるふぁんくらぶ / ワンダーランズ×ショウタイム × 鏡音リン,2022-09-21T07:38:15Z,https://i.ytimg.com/vi/gocFWi_8dfI/default.jpg,https://i.ytimg.com/vi/gocFWi_8dfI/hqdefault.jpg
MnZfL-cwUCA,虚ろを扇ぐ / Vivid BAD SQUAD × KAITO,2022-09-06T05:21:38Z,https://i.ytimg.com/vi/MnZfL-cwUCA/default.jpg,https://i.ytimg.com/vi/MnZfL-cwUCA/hqdefault.jpg
jYh9Y7K2iuI,『Journey』3DMVゲームサイズ公開！,2022-09-29T15:26:02Z,https://i.ytimg.com/vi/jYh9Y7K2iuI/default.jpg,https://i.ytimg.com/vi/jYh9Y7K2iuI/hqdefault.jpg
Sloi-L5FHBY,STAGE OF SEKAI / Leo/need × 鏡音レン,2022-09-28T12:51:18Z,https://i.ytimg.com/vi/Sloi-L5FHBY/default.jpg,https://i.ytimg.com/vi/Sloi-L5FHBY/hqdefault.jpg
MxT59XJXMnU,1周年アニバーサリーソング『群青讃歌』,2022-09-29T14:35:37Z,https://i.ytimg.com/vi/MxT59XJXMnU/default.jpg,https://i.ytimg.com/vi/MxT59XJXMnU/hqdefault.jpg
m__WcDdaF7k,2周年アニバーサリーソング『Journey』,2022-09-29T15:07:50Z,https://i.ytimg.com/vi/m__WcDdaF7k/default.jpg,https://i.ytimg.com/vi/m__WcDdaF7k/hqdefault.jpg
JTOM6fuXptg,アイディスマイル / 25時、ナイトコードで。 × MEIKO,2022-10-04T09:00:10Z,https://i.ytimg.com/vi/JTOM6fuXptg/default.jpg,https://i.ytimg.com/vi/JTOM6fuXptg/hqdefault.jpg
l89n9HsU9Rc,『エゴロック』3DMVゲームサイズ公開！,2022-10-06T06:10:42Z,https://i.ytimg.com/vi/l89n9HsU9Rc/default.jpg,https://i.ytimg.com/vi/l89n9HsU9Rc/hqdefault.jpg
gr4FAlsibeg,Flyer! / Vivid BAD SQUAD × 鏡音レン,2022-10-05T06:48:41Z,https://i.ytimg.com/vi/gr4FAlsibeg/default.jpg,https://i.ytimg.com/vi/gr4FAlsibeg/hqdefault.jpg
egAHniCboNQ,イフ / MORE MORE JUMP！ × 初音ミク,2022-09-30T05:53:37Z,https://i.ytimg.com/vi/egAHniCboNQ/default.jpg,https://i.ytimg.com/vi/egAHniCboNQ/hqdefault.jpg
gZW_e-kICJU,『DAYBREAK FRONTLINE』3DMVゲームサイズ公開！,2022-10-10T06:05:01Z,https://i.ytimg.com/vi/gZW_e-kICJU/default.jpg,https://i.ytimg.com/vi/gZW_e-kICJU/hqdefault.jpg
N-6bJ-qOuQA,『DREAM PLACE』3DMVゲームサイズ公開！,2022-10-19T13:05:47Z,https://i.ytimg.com/vi/N-6bJ-qOuQA/default.jpg,https://i.ytimg.com/vi/N-6bJ-qOuQA/hqdefault.jpg
1W-7h8LO-Hg,どんな結末がお望みだい？ / ワンダーランズ×ショウタイム × 初音ミク,2022-10-04T04:46:23Z,https://i.ytimg.com/vi/1W-7h8LO-Hg/default.jpg,https://i.ytimg.com/vi/1W-7h8LO-Hg/hqdefault.jpg
ZfVWqos23xs,トンデモワンダーズ / ワンダーランズ×ショウタイム × KAITO,2022-10-26T09:26:25Z,https://i.ytimg.com/vi/ZfVWqos23xs/default.jpg,https://i.ytimg.com/vi/ZfVWqos23xs/hqdefault.jpg
zhBS-b3roHw,ヴァンパイア / MORE MORE JUMP！ × 初音ミク,2022-09-06T05:44:42Z,https://i.ytimg.com/vi/zhBS-b3roHw/default.jpg,https://i.ytimg.com/vi/zhBS-b3roHw/hqdefault.jpg
U1aS62Juz70,ロストワンの号哭 / Leo/need × 鏡音リン,2022-11-01T01:45:25Z,https://i.ytimg.com/vi/U1aS62Juz70/default.jpg,https://i.ytimg.com/vi/U1aS62Juz70/hqdefault.jpg
bof7UD3MJAQ,PaⅢ.SENSATION / Vivid BAD SQUAD × 初音ミク × 鏡音リン,2022-11-11T09:00:36Z,https://i.ytimg.com/vi/bof7UD3MJAQ/default.jpg,https://i.ytimg.com/vi/bof7UD3MJAQ/hqdefault.jpg
z9t4SdlBUig,『ラブカ？』3DMVゲームサイズ公開！,2022-11-14T06:05:24Z,https://i.ytimg.com/vi/z9t4SdlBUig/default.jpg,https://i.ytimg.com/vi/z9t4SdlBUig/hqdefault.jpg
chjFdvgWAjo,『the WALL』3DMVゲームサイズ公開！,2022-11-18T13:07:17Z,https://i.ytimg.com/vi/chjFdvgWAjo/default.jpg,https://i.ytimg.com/vi/chjFdvgWAjo/hqdefault.jpg
YAc_gGGdkEg,愛して愛して愛して / 25時、ナイトコードで。 × 初音ミク,2022-11-22T11:52:57Z,https://i.ytimg.com/vi/YAc_gGGdkEg/default.jpg,https://i.ytimg.com/vi/YAc_gGGdkEg/hqdefault.jpg
lMXlOPGjwUI,Iなんです / 25時、ナイトコードで。 × 初音ミク,2022-11-20T08:00:39Z,https://i.ytimg.com/vi/lMXlOPGjwUI/default.jpg,https://i.ytimg.com/vi/lMXlOPGjwUI/hqdefault.jpg
Brap_tO3Jj0,フロート・プランナー / MORE MORE JUMP！ × 鏡音リン,2022-11-30T06:15:50Z,https://i.ytimg.com/vi/Brap_tO3Jj0/default.jpg,https://i.ytimg.com/vi/Brap_tO3Jj0/hqdefault.jpg
GWylU4wzBvo,テレキャスタービーボーイ / ワンダーランズ×ショウタイム × 鏡音レン,2022-12-02T09:00:30Z,https://i.ytimg.com/vi/GWylU4wzBvo/default.jpg,https://i.ytimg.com/vi/GWylU4wzBvo/hqdefault.jpg
kseClAA2hOM,『ノンブレス・オブリージュ』3DMVゲームサイズ公開！,2022-12-05T06:07:12Z,https://i.ytimg.com/vi/kseClAA2hOM/default.jpg,https://i.ytimg.com/vi/kseClAA2hOM/hqdefault.jpg
EkZ1qsjK2yc,『仮死化』3DMVゲームサイズ公開！,2022-12-19T13:10:25Z,https://i.ytimg.com/vi/EkZ1qsjK2yc/default.jpg,https://i.ytimg.com/vi/EkZ1qsjK2yc/hqdefault.jpg
y_lZimJsdjU,オルターエゴ / Vivid BAD SQUAD × 初音ミク,2022-12-22T09:01:08Z,https://i.ytimg.com/vi/y_lZimJsdjU/default.jpg,https://i.ytimg.com/vi/y_lZimJsdjU/hqdefault.jpg
eWBjxT54RQA,ビターチョコデコレーション / 25時、ナイトコードで。 × 初音ミク,2022-12-26T09:03:38Z,https://i.ytimg.com/vi/eWBjxT54RQA/default.jpg,https://i.ytimg.com/vi/eWBjxT54RQA/hqdefault.jpg
iCPSISA0NM8,potatoになっていく[ゲームサイズ ver.]  / 初音ミク × 鏡音レン × 巡音ルカ × MEIKO × KAITO,2023-01-10T02:30:26Z,https://i.ytimg.com/vi/iCPSISA0NM8/default.jpg,https://i.ytimg.com/vi/iCPSISA0NM8/hqdefault.jpg
9FTEK4KJMfo,『気まぐれメルシィ』3DMVゲームサイズ公開！,2023-01-04T01:31:55Z,https://i.ytimg.com/vi/9FTEK4KJMfo/default.jpg,https://i.ytimg.com/vi/9FTEK4KJMfo/hqdefault.jpg
1Cg4G-rUe68,からくりピエロ  / MORE MORE JUMP！ × 初音ミク,2023-01-13T09:05:19Z,https://i.ytimg.com/vi/1Cg4G-rUe68/default.jpg,https://i.ytimg.com/vi/1Cg4G-rUe68/hqdefault.jpg
NpuhhokqLzo,『星空オーケストラ』3DMVゲームサイズ公開！,2023-01-19T13:09:14Z,https://i.ytimg.com/vi/NpuhhokqLzo/default.jpg,https://i.ytimg.com/vi/NpuhhokqLzo/hqdefault.jpg
2GK1B1RshN4,Flyway  / Leo/need × 鏡音レン,2023-01-21T06:08:56Z,https://i.ytimg.com/vi/2GK1B1RshN4/default.jpg,https://i.ytimg.com/vi/2GK1B1RshN4/hqdefault.jpg
_--Sjtj84-U,グッバイ宣言 / ワンダーランズ×ショウタイム,2023-01-23T09:02:17Z,https://i.ytimg.com/vi/_--Sjtj84-U/default.jpg,https://i.ytimg.com/vi/_--Sjtj84-U/hqdefault.jpg
YZpGYdK0qP0,スイートマジック[ゲームサイズ ver.]  / 初音ミク × 鏡音リン × 鏡音レン × MEIKO × KAITO,2023-02-10T02:19:12Z,https://i.ytimg.com/vi/YZpGYdK0qP0/default.jpg,https://i.ytimg.com/vi/YZpGYdK0qP0/hqdefault.jpg
oMcu46N0S8s,『レイニースノードロップ』3DMVゲームサイズ公開！,2023-02-14T09:33:12Z,https://i.ytimg.com/vi/oMcu46N0S8s/default.jpg,https://i.ytimg.com/vi/oMcu46N0S8s/hqdefault.jpg
dW8TIOrjDfE,『私は、私達は』3DMVゲームサイズ公開！,2023-02-17T13:09:36Z,https://i.ytimg.com/vi/dW8TIOrjDfE/default.jpg,https://i.ytimg.com/vi/dW8TIOrjDfE/hqdefault.jpg
LTNhnSYd5CU,DAYBREAK FRONTLINE / Vivid BAD SQUAD × 初音ミク,2023-02-17T09:01:17Z,https://i.ytimg.com/vi/LTNhnSYd5CU/default.jpg,https://i.ytimg.com/vi/LTNhnSYd5CU/hqdefault.jpg
A0y2IPGEEno,"『Hello, Worker』3DMVゲームサイズ公開！",2023-02-20T06:06:54Z,https://i.ytimg.com/vi/A0y2IPGEEno/default.jpg,https://i.ytimg.com/vi/A0y2IPGEEno/hqdefault.jpg
QkF12S1QCxc,ひつじがいっぴき  / Vivid BAD SQUAD × MEIKO,2023-03-01T02:52:47Z,https://i.ytimg.com/vi/QkF12S1QCxc/default.jpg,https://i.ytimg.com/vi/QkF12S1QCxc/hqdefault.jpg
